Australian Bureau of Statistics,,,,,,,,,,,,
1270055006C123 Local Government Area 2011 to Remoteness Area 2011,,,,,,,,,,,,
Released at 11.30am (Canberra time) 31 January 2013,,,,,,,,,,,,
Table 3 Correspondence,,,,,,,,,,,,
,,,,,,,,,,,,
LGA_CODE_2011,LGA_NAME_2011,RA_CODE_2011,RA_NAME_2011,RATIO,PERCENTAGE,,,,,,,
,,,,,,,,,,,,
10050,Albury (C),11,Inner Regional Australia,1,100,,,,,,,
10110,Armidale Dumaresq (A),11,Inner Regional Australia,0.9124673,91.2467304,,,,,,,
10110,Armidale Dumaresq (A),12,Outer Regional Australia,0.0875327,8.7532696,,,,,,,
10150,Ashfield (A),10,Major Cities of Australia,1,100,,,,,,,
10200,Auburn (C),10,Major Cities of Australia,1,100,,,,,,,
10250,Ballina (A),11,Inner Regional Australia,1,100,,,,,,,
10300,Balranald (A),12,Outer Regional Australia,0.8541905,85.4190481,,,,,,,
10300,Balranald (A),13,Remote Australia,0.1458095,14.5809519,,,,,,,
10350,Bankstown (C),10,Major Cities of Australia,1,100,,,,,,,
10470,Bathurst Regional (A),11,Inner Regional Australia,0.979854,97.9854049,,,,,,,
10470,Bathurst Regional (A),12,Outer Regional Australia,0.020146,2.0145951,,,,,,,
10550,Bega Valley (A),12,Outer Regional Australia,1,100,,,,,,,
10600,Bellingen (A),11,Inner Regional Australia,0.0503203,5.032033,,,,,,,
10600,Bellingen (A),12,Outer Regional Australia,0.9496797,94.967967,,,,,,,
10650,Berrigan (A),11,Inner Regional Australia,0.7517348,75.1734799,,,,,,,
10650,Berrigan (A),12,Outer Regional Australia,0.2482652,24.8265201,,,,,,,
10750,Blacktown (C),10,Major Cities of Australia,1,100,,,,,,,
10800,Bland (A),12,Outer Regional Australia,0.9716962,97.1696225,,,,,,,
10800,Bland (A),13,Remote Australia,0.0283038,2.8303775,,,,,,,
10850,Blayney (A),11,Inner Regional Australia,0.869291,86.9291019,,,,,,,
10850,Blayney (A),12,Outer Regional Australia,0.130709,13.0708981,,,,,,,
10900,Blue Mountains (C),10,Major Cities of Australia,0.9173951,91.7395061,,,,,,,
10900,Blue Mountains (C),11,Inner Regional Australia,0.0826049,8.2604926,,,,,,,
10950,Bogan (A),13,Remote Australia,0.9968933,99.6893277,,,,,,,
10950,Bogan (A),14,Very Remote Australia,0.0031067,0.3106723,,,,,,,
11000,Bombala (A),12,Outer Regional Australia,1,100,,,,,,,
11050,Boorowa (A),11,Inner Regional Australia,0.7731885,77.3188522,,,,,,,
11050,Boorowa (A),12,Outer Regional Australia,0.2268115,22.6811478,,,,,,,
11100,Botany Bay (C),10,Major Cities of Australia,1,100,,,,,,,
11150,Bourke (A),14,Very Remote Australia,1,100,,,,,,,
11200,Brewarrina (A),13,Remote Australia,0.0104855,1.0485508,,,,,,,
11200,Brewarrina (A),14,Very Remote Australia,0.9895145,98.9514492,,,,,,,
11250,Broken Hill (C),12,Outer Regional Australia,1,100,,,,,,,
11300,Burwood (A),10,Major Cities of Australia,1,100,,,,,,,
11350,Byron (A),11,Inner Regional Australia,1,100,,,,,,,
11400,Cabonne (A),11,Inner Regional Australia,0.6028024,60.2802447,,,,,,,
11400,Cabonne (A),12,Outer Regional Australia,0.3971976,39.7197553,,,,,,,
11450,Camden (A),10,Major Cities of Australia,0.9866185,98.6618503,,,,,,,
11450,Camden (A),11,Inner Regional Australia,0.0133815,1.3381497,,,,,,,
11500,Campbelltown (C),10,Major Cities of Australia,1,99.9999993,,,,,,,
11520,Canada Bay (A),10,Major Cities of Australia,1,100,,,,,,,
11550,Canterbury (C),10,Major Cities of Australia,1,100,,,,,,,
11600,Carrathool (A),12,Outer Regional Australia,0.3660993,36.6099332,,,,,,,
11600,Carrathool (A),13,Remote Australia,0.6339007,63.3900668,,,,,,,
11700,Central Darling (A),14,Very Remote Australia,1,100,,,,,,,
11720,Cessnock (C),10,Major Cities of Australia,0.3065052,30.650525,,,,,,,
11720,Cessnock (C),11,Inner Regional Australia,0.6934948,69.349475,,,,,,,
11730,Clarence Valley (A),11,Inner Regional Australia,0.8032655,80.3265497,,,,,,,
11730,Clarence Valley (A),12,Outer Regional Australia,0.1967345,19.6734463,,,,,,,
11750,Cobar (A),13,Remote Australia,0.9113661,91.1366082,,,,,,,
11750,Cobar (A),14,Very Remote Australia,0.0886339,8.8633918,,,,,,,
11800,Coffs Harbour (C),11,Inner Regional Australia,0.9740693,97.4069255,,,,,,,
11800,Coffs Harbour (C),12,Outer Regional Australia,0.0259307,2.5930745,,,,,,,
11860,Conargo (A),12,Outer Regional Australia,1,100,,,,,,,
12000,Coolamon (A),11,Inner Regional Australia,0.5597132,55.9713167,,,,,,,
12000,Coolamon (A),12,Outer Regional Australia,0.4402868,44.0286833,,,,,,,
12050,Cooma-Monaro (A),11,Inner Regional Australia,0.8636893,86.3689339,,,,,,,
12050,Cooma-Monaro (A),12,Outer Regional Australia,0.1363107,13.6310661,,,,,,,
12150,Coonamble (A),12,Outer Regional Australia,0.0912479,9.1247856,,,,,,,
12150,Coonamble (A),13,Remote Australia,0.9087521,90.8752144,,,,,,,
12200,Cootamundra (A),11,Inner Regional Australia,0.9423119,94.2311852,,,,,,,
12200,Cootamundra (A),12,Outer Regional Australia,0.0576881,5.7688148,,,,,,,
12300,Corowa Shire (A),11,Inner Regional Australia,0.9637247,96.3724705,,,,,,,
12300,Corowa Shire (A),12,Outer Regional Australia,0.0362753,3.6275295,,,,,,,
12350,Cowra (A),11,Inner Regional Australia,0.780378,78.0378023,,,,,,,
12350,Cowra (A),12,Outer Regional Australia,0.219622,21.9621977,,,,,,,
12500,Deniliquin (A),11,Inner Regional Australia,1,100,,,,,,,
12600,Dubbo (C),11,Inner Regional Australia,0.8872357,88.7235703,,,,,,,
12600,Dubbo (C),12,Outer Regional Australia,0.1127643,11.2764297,,,,,,,
12700,Dungog (A),11,Inner Regional Australia,0.9403829,94.038288,,,,,,,
12700,Dungog (A),12,Outer Regional Australia,0.0596171,5.961712,,,,,,,
12750,Eurobodalla (A),11,Inner Regional Australia,0.7027233,70.2723326,,,,,,,
12750,Eurobodalla (A),12,Outer Regional Australia,0.2972767,29.7276674,,,,,,,
12850,Fairfield (C),10,Major Cities of Australia,1,100,,,,,,,
12900,Forbes (A),12,Outer Regional Australia,1,100,,,,,,,
12950,Gilgandra (A),12,Outer Regional Australia,1,100,,,,,,,
13010,Glen Innes Severn (A),12,Outer Regional Australia,1,100,,,,,,,
13050,Gloucester (A),11,Inner Regional Australia,0.7543497,75.4349748,,,,,,,
13050,Gloucester (A),12,Outer Regional Australia,0.2456503,24.5650252,,,,,,,
13100,Gosford (C),10,Major Cities of Australia,0.9750916,97.5091638,,,,,,,
13100,Gosford (C),11,Inner Regional Australia,0.0249084,2.4908362,,,,,,,
13310,Goulburn Mulwaree (A),11,Inner Regional Australia,0.9792567,97.9256717,,,,,,,
13310,Goulburn Mulwaree (A),12,Outer Regional Australia,0.0207433,2.0743283,,,,,,,
13320,Great Lakes (A),11,Inner Regional Australia,0.9949461,99.4946099,,,,,,,
13320,Great Lakes (A),12,Outer Regional Australia,0.0050539,0.5053901,,,,,,,
13340,Greater Hume Shire (A),11,Inner Regional Australia,0.8984099,89.8409926,,,,,,,
13340,Greater Hume Shire (A),12,Outer Regional Australia,0.1015901,10.1590074,,,,,,,
13380,Greater Taree (C),11,Inner Regional Australia,0.9865487,98.6548669,,,,,,,
13380,Greater Taree (C),12,Outer Regional Australia,0.0134513,1.3451331,,,,,,,
13450,Griffith (C),12,Outer Regional Australia,1,100,,,,,,,
13500,Gundagai (A),11,Inner Regional Australia,0.7349151,73.4915147,,,,,,,
13500,Gundagai (A),12,Outer Regional Australia,0.2650849,26.5084853,,,,,,,
13550,Gunnedah (A),12,Outer Regional Australia,1,100,,,,,,,
13650,Guyra (A),12,Outer Regional Australia,1,100,,,,,,,
13660,Gwydir (A),12,Outer Regional Australia,1,100,,,,,,,
13700,Harden (A),11,Inner Regional Australia,0.9155801,91.5580075,,,,,,,
13700,Harden (A),12,Outer Regional Australia,0.0844199,8.4419925,,,,,,,
13800,Hawkesbury (C),10,Major Cities of Australia,0.644725,64.4725008,,,,,,,
13800,Hawkesbury (C),11,Inner Regional Australia,0.3499502,34.995018,,,,,,,
13800,Hawkesbury (C),12,Outer Regional Australia,0.0053248,0.5324812,,,,,,,
13850,Hay (A),12,Outer Regional Australia,0.7785407,77.8540738,,,,,,,
13850,Hay (A),13,Remote Australia,0.2214593,22.1459262,,,,,,,
13950,Holroyd (C),10,Major Cities of Australia,1,100,,,,,,,
14000,Hornsby (A),10,Major Cities of Australia,0.9641617,96.4161723,,,,,,,
14000,Hornsby (A),11,Inner Regional Australia,0.0358383,3.5838277,,,,,,,
14100,Hunters Hill (A),10,Major Cities of Australia,1,100,,,,,,,
14150,Hurstville (C),10,Major Cities of Australia,1,100,,,,,,,
14200,Inverell (A),12,Outer Regional Australia,1,100,,,,,,,
14250,Jerilderie (A),12,Outer Regional Australia,1,100,,,,,,,
14300,Junee (A),11,Inner Regional Australia,0.8783847,87.838474,,,,,,,
14300,Junee (A),12,Outer Regional Australia,0.1216153,12.161526,,,,,,,
14350,Kempsey (A),11,Inner Regional Australia,0.5474829,54.7482926,,,,,,,
14350,Kempsey (A),12,Outer Regional Australia,0.4525171,45.2517074,,,,,,,
14400,Kiama (A),11,Inner Regional Australia,1,100,,,,,,,
14450,Kogarah (C),10,Major Cities of Australia,1,100,,,,,,,
14500,Ku-ring-gai (A),10,Major Cities of Australia,1,100,,,,,,,
14550,Kyogle (A),11,Inner Regional Australia,0.7529463,75.2946266,,,,,,,
14550,Kyogle (A),12,Outer Regional Australia,0.2470537,24.7053734,,,,,,,
14600,Lachlan (A),12,Outer Regional Australia,0.4805926,48.0592611,,,,,,,
14600,Lachlan (A),13,Remote Australia,0.5194074,51.9407389,,,,,,,
14650,Lake Macquarie (C),10,Major Cities of Australia,0.9874235,98.7423476,,,,,,,
14650,Lake Macquarie (C),11,Inner Regional Australia,0.0125765,1.2576524,,,,,,,
14700,Lane Cove (A),10,Major Cities of Australia,1,100,,,,,,,
14750,Leeton (A),12,Outer Regional Australia,1,100,,,,,,,
14800,Leichhardt (A),10,Major Cities of Australia,1,100,,,,,,,
14850,Lismore (C),11,Inner Regional Australia,1,100,,,,,,,
14870,Lithgow (C),11,Inner Regional Australia,0.985613,98.5612951,,,,,,,
14870,Lithgow (C),12,Outer Regional Australia,0.014387,1.4387049,,,,,,,
14900,Liverpool (C),10,Major Cities of Australia,0.9796274,97.9627398,,,,,,,
14900,Liverpool (C),11,Inner Regional Australia,0.0203726,2.0372602,,,,,,,
14920,Liverpool Plains (A),11,Inner Regional Australia,0.1924947,19.2494686,,,,,,,
14920,Liverpool Plains (A),12,Outer Regional Australia,0.8075053,80.7505314,,,,,,,
14950,Lockhart (A),11,Inner Regional Australia,0.3514479,35.1447895,,,,,,,
14950,Lockhart (A),12,Outer Regional Australia,0.6485521,64.8552105,,,,,,,
15050,Maitland (C),10,Major Cities of Australia,0.9696924,96.9692429,,,,,,,
15050,Maitland (C),11,Inner Regional Australia,0.0303076,3.0307571,,,,,,,
15150,Manly (A),10,Major Cities of Australia,1,100,,,,,,,
15200,Marrickville (A),10,Major Cities of Australia,1,100,,,,,,,
15270,Mid-Western Regional (A),11,Inner Regional Australia,0.5271593,52.7159302,,,,,,,
15270,Mid-Western Regional (A),12,Outer Regional Australia,0.4728407,47.2840698,,,,,,,
15300,Moree Plains (A),12,Outer Regional Australia,0.861503,86.150303,,,,,,,
15300,Moree Plains (A),13,Remote Australia,0.138497,13.849697,,,,,,,
15350,Mosman (A),10,Major Cities of Australia,1,100,,,,,,,
15500,Murray (A),11,Inner Regional Australia,0.7355139,73.5513887,,,,,,,
15500,Murray (A),12,Outer Regional Australia,0.2644861,26.4486113,,,,,,,
15550,Murrumbidgee (A),12,Outer Regional Australia,1,100,,,,,,,
15650,Muswellbrook (A),11,Inner Regional Australia,0.9601242,96.0124248,,,,,,,
15650,Muswellbrook (A),12,Outer Regional Australia,0.0398758,3.9875752,,,,,,,
15700,Nambucca (A),12,Outer Regional Australia,1,100,,,,,,,
15750,Narrabri (A),12,Outer Regional Australia,0.9433692,94.3369229,,,,,,,
15750,Narrabri (A),13,Remote Australia,0.0566308,5.6630771,,,,,,,
15800,Narrandera (A),12,Outer Regional Australia,1,100,,,,,,,
15850,Narromine (A),12,Outer Regional Australia,1,100,,,,,,,
15900,Newcastle (C),10,Major Cities of Australia,1,100,,,,,,,
15950,North Sydney (A),10,Major Cities of Australia,1,100,,,,,,,
16100,Oberon (A),11,Inner Regional Australia,0.8998712,89.9871234,,,,,,,
16100,Oberon (A),12,Outer Regional Australia,0.1001288,10.0128766,,,,,,,
16150,Orange (C),11,Inner Regional Australia,1,100,,,,,,,
16180,Palerang (A),10,Major Cities of Australia,0.0612448,6.1244817,,,,,,,
16180,Palerang (A),11,Inner Regional Australia,0.8838285,88.3828514,,,,,,,
16180,Palerang (A),12,Outer Regional Australia,0.0549267,5.4926669,,,,,,,
16200,Parkes (A),12,Outer Regional Australia,1,100,,,,,,,
16250,Parramatta (C),10,Major Cities of Australia,1,100,,,,,,,
16350,Penrith (C),10,Major Cities of Australia,0.9807021,98.0702138,,,,,,,
16350,Penrith (C),11,Inner Regional Australia,0.0192979,1.9297862,,,,,,,
16370,Pittwater (A),10,Major Cities of Australia,0.9947157,99.4715668,,,,,,,
16370,Pittwater (A),11,Inner Regional Australia,0.0052843,0.5284332,,,,,,,
16380,Port Macquarie-Hastings (A),11,Inner Regional Australia,0.9689381,96.8938127,,,,,,,
16380,Port Macquarie-Hastings (A),12,Outer Regional Australia,0.0310619,3.1061873,,,,,,,
16400,Port Stephens (A),10,Major Cities of Australia,0.2664449,26.6444898,,,,,,,
16400,Port Stephens (A),11,Inner Regional Australia,0.7335551,73.3555102,,,,,,,
16470,Queanbeyan (C),10,Major Cities of Australia,0.9640442,96.4044237,,,,,,,
16470,Queanbeyan (C),11,Inner Regional Australia,0.0359558,3.5955763,,,,,,,
16550,Randwick (C),10,Major Cities of Australia,1,100,,,,,,,
16610,Richmond Valley (A),11,Inner Regional Australia,0.9754486,97.5448611,,,,,,,
16610,Richmond Valley (A),12,Outer Regional Australia,0.0245514,2.4551389,,,,,,,
16650,Rockdale (C),10,Major Cities of Australia,1,100,,,,,,,
16700,Ryde (C),10,Major Cities of Australia,1,100,,,,,,,
16900,Shellharbour (C),10,Major Cities of Australia,0.9865895,98.6589489,,,,,,,
16900,Shellharbour (C),11,Inner Regional Australia,0.0134105,1.3410511,,,,,,,
16950,Shoalhaven (C),11,Inner Regional Australia,0.9977479,99.7747933,,,,,,,
16950,Shoalhaven (C),12,Outer Regional Australia,0.0022521,0.2252067,,,,,,,
17000,Singleton (A),11,Inner Regional Australia,0.9696835,96.9683475,,,,,,,
17000,Singleton (A),12,Outer Regional Australia,0.0303165,3.0316525,,,,,,,
17050,Snowy River (A),11,Inner Regional Australia,0.0325086,3.250864,,,,,,,
17050,Snowy River (A),12,Outer Regional Australia,0.9674914,96.749136,,,,,,,
17100,Strathfield (A),10,Major Cities of Australia,1,100,,,,,,,
17150,Sutherland Shire (A),10,Major Cities of Australia,0.986114,98.611395,,,,,,,
17150,Sutherland Shire (A),11,Inner Regional Australia,0.013886,1.388605,,,,,,,
17200,Sydney (C),10,Major Cities of Australia,1,100,,,,,,,
17310,Tamworth Regional (A),11,Inner Regional Australia,0.8188128,81.8812837,,,,,,,
17310,Tamworth Regional (A),12,Outer Regional Australia,0.1811872,18.1187163,,,,,,,
17350,Temora (A),12,Outer Regional Australia,1,100,,,,,,,
17400,Tenterfield (A),12,Outer Regional Australia,1,100,,,,,,,
17420,The Hills Shire (A),10,Major Cities of Australia,0.96956,96.9559962,,,,,,,
17420,The Hills Shire (A),11,Inner Regional Australia,0.03044,3.0440038,,,,,,,
17450,Tumbarumba (A),12,Outer Regional Australia,1,100,,,,,,,
17500,Tumut Shire (A),11,Inner Regional Australia,0.793158,79.3158011,,,,,,,
17500,Tumut Shire (A),12,Outer Regional Australia,0.206842,20.6841989,,,,,,,
17550,Tweed (A),10,Major Cities of Australia,0.7576962,75.7696194,,,,,,,
17550,Tweed (A),11,Inner Regional Australia,0.2423038,24.2303806,,,,,,,
17620,Upper Hunter Shire (A),11,Inner Regional Australia,0.5991667,59.9166651,,,,,,,
17620,Upper Hunter Shire (A),12,Outer Regional Australia,0.4008333,40.0833349,,,,,,,
17640,Upper Lachlan Shire (A),11,Inner Regional Australia,0.8671788,86.7178837,,,,,,,
17640,Upper Lachlan Shire (A),12,Outer Regional Australia,0.1328212,13.2821163,,,,,,,
17650,Uralla (A),12,Outer Regional Australia,1,100,,,,,,,
17700,Urana (A),12,Outer Regional Australia,1,100,,,,,,,
17750,Wagga Wagga (C),11,Inner Regional Australia,0.9826627,98.2662724,,,,,,,
17750,Wagga Wagga (C),12,Outer Regional Australia,0.0173373,1.7337276,,,,,,,
17800,Wakool (A),12,Outer Regional Australia,0.9659149,96.5914923,,,,,,,
17800,Wakool (A),13,Remote Australia,0.0340851,3.4085077,,,,,,,
17850,Walcha (A),12,Outer Regional Australia,1,100,,,,,,,
17900,Walgett (A),13,Remote Australia,0.9446005,94.4600545,,,,,,,
17900,Walgett (A),14,Very Remote Australia,0.0553995,5.5399455,,,,,,,
17950,Warren (A),12,Outer Regional Australia,0.6153154,61.5315439,,,,,,,
17950,Warren (A),13,Remote Australia,0.3846846,38.4684561,,,,,,,
18000,Warringah (A),10,Major Cities of Australia,1,100,,,,,,,
18020,Warrumbungle Shire (A),12,Outer Regional Australia,0.8807621,88.0762103,,,,,,,
18020,Warrumbungle Shire (A),13,Remote Australia,0.1192379,11.9237897,,,,,,,
18050,Waverley (A),10,Major Cities of Australia,1,100,,,,,,,
18100,Weddin (A),12,Outer Regional Australia,1,100,,,,,,,
18150,Wellington (A),11,Inner Regional Australia,0.003886,0.3886048,,,,,,,
18150,Wellington (A),12,Outer Regional Australia,0.996114,99.6113952,,,,,,,
18200,Wentworth (A),12,Outer Regional Australia,0.873043,87.3042998,,,,,,,
18200,Wentworth (A),13,Remote Australia,0.126957,12.6957002,,,,,,,
18250,Willoughby (C),10,Major Cities of Australia,1,100,,,,,,,
18350,Wingecarribee (A),11,Inner Regional Australia,0.9999099,99.9909858,,,,,,,
18400,Wollondilly (A),10,Major Cities of Australia,0.0717547,7.175475,,,,,,,
18400,Wollondilly (A),11,Inner Regional Australia,0.9282453,92.824525,,,,,,,
18450,Wollongong (C),10,Major Cities of Australia,0.9905774,99.0577417,,,,,,,
18450,Wollongong (C),11,Inner Regional Australia,0.0094226,0.9422583,,,,,,,
18500,Woollahra (A),10,Major Cities of Australia,1,100,,,,,,,
18550,Wyong (A),10,Major Cities of Australia,0.985649,98.5648964,,,,,,,
18550,Wyong (A),11,Inner Regional Australia,0.014351,1.4351036,,,,,,,
18710,Yass Valley (A),10,Major Cities of Australia,0.0336179,3.3617852,,,,,,,
18710,Yass Valley (A),11,Inner Regional Australia,0.9663821,96.6382083,,,,,,,
18750,Young (A),11,Inner Regional Australia,0.8309821,83.0982103,,,,,,,
18750,Young (A),12,Outer Regional Australia,0.1690179,16.9017897,,,,,,,
19399,Unincorporated NSW,13,Remote Australia,0.4101326,41.0132557,,,,,,,
19399,Unincorporated NSW,14,Very Remote Australia,0.5898674,58.9867443,,,,,,,
20110,Alpine (S),21,Inner Regional Australia,0.4075053,40.7505282,,,,,,,
20110,Alpine (S),22,Outer Regional Australia,0.5924947,59.2494718,,,,,,,
20260,Ararat (RC),21,Inner Regional Australia,0.8298837,82.9883665,,,,,,,
20260,Ararat (RC),22,Outer Regional Australia,0.1701163,17.0116335,,,,,,,
20570,Ballarat (C),21,Inner Regional Australia,1,100,,,,,,,
20660,Banyule (C),20,Major Cities of Australia,1,100,,,,,,,
20740,Bass Coast (S),21,Inner Regional Australia,1,100,,,,,,,
20830,Baw Baw (S),21,Inner Regional Australia,0.9999063,99.9906338,,,,,,,
20910,Bayside (C),20,Major Cities of Australia,1,100,,,,,,,
21010,Benalla (RC),21,Inner Regional Australia,0.9744392,97.4439175,,,,,,,
21010,Benalla (RC),22,Outer Regional Australia,0.0255608,2.5560825,,,,,,,
21110,Boroondara (C),20,Major Cities of Australia,1,100,,,,,,,
21180,Brimbank (C),20,Major Cities of Australia,1,100,,,,,,,
21270,Buloke (S),22,Outer Regional Australia,1,100,,,,,,,
21370,Campaspe (S),21,Inner Regional Australia,0.9855907,98.5590738,,,,,,,
21370,Campaspe (S),22,Outer Regional Australia,0.0144093,1.4409262,,,,,,,
21450,Cardinia (S),20,Major Cities of Australia,0.7646311,76.4631077,,,,,,,
21450,Cardinia (S),21,Inner Regional Australia,0.2353689,23.5368923,,,,,,,
21610,Casey (C),20,Major Cities of Australia,0.9896783,98.9678305,,,,,,,
21610,Casey (C),21,Inner Regional Australia,0.0103217,1.0321695,,,,,,,
21670,Central Goldfields (S),21,Inner Regional Australia,1,100,,,,,,,
21750,Colac-Otway (S),21,Inner Regional Australia,0.9665279,96.652786,,,,,,,
21750,Colac-Otway (S),22,Outer Regional Australia,0.0334721,3.347214,,,,,,,
21830,Corangamite (S),21,Inner Regional Australia,0.6873712,68.7371194,,,,,,,
21830,Corangamite (S),22,Outer Regional Australia,0.3126288,31.2628806,,,,,,,
21890,Darebin (C),20,Major Cities of Australia,1,100,,,,,,,
22110,East Gippsland (S),22,Outer Regional Australia,0.9524077,95.2407745,,,,,,,
22110,East Gippsland (S),23,Remote Australia,0.0475923,4.7592255,,,,,,,
22170,Frankston (C),20,Major Cities of Australia,1,100,,,,,,,
22250,Gannawarra (S),22,Outer Regional Australia,1,100,,,,,,,
22310,Glen Eira (C),20,Major Cities of Australia,1,100,,,,,,,
22410,Glenelg (S),22,Outer Regional Australia,1,100,,,,,,,
22490,Golden Plains (S),21,Inner Regional Australia,1,100,,,,,,,
22620,Greater Bendigo (C),21,Inner Regional Australia,1,100,,,,,,,
22670,Greater Dandenong (C),20,Major Cities of Australia,1,100,,,,,,,
22750,Greater Geelong (C),20,Major Cities of Australia,0.8041344,80.4134388,,,,,,,
22750,Greater Geelong (C),21,Inner Regional Australia,0.1958656,19.5865612,,,,,,,
22830,Greater Shepparton (C),21,Inner Regional Australia,1,100,,,,,,,
22910,Hepburn (S),21,Inner Regional Australia,1,100,,,,,,,
22980,Hindmarsh (S),22,Outer Regional Australia,0.8786185,87.8618469,,,,,,,
22980,Hindmarsh (S),23,Remote Australia,0.1213815,12.1381531,,,,,,,
23110,Hobsons Bay (C),20,Major Cities of Australia,1,100,,,,,,,
23190,Horsham (RC),22,Outer Regional Australia,1,100,,,,,,,
23270,Hume (C),20,Major Cities of Australia,0.9922417,99.2241683,,,,,,,
23270,Hume (C),21,Inner Regional Australia,0.0077583,0.7758317,,,,,,,
23350,Indigo (S),21,Inner Regional Australia,1,100,,,,,,,
23430,Kingston (C),20,Major Cities of Australia,1,100,,,,,,,
23670,Knox (C),20,Major Cities of Australia,1,100,,,,,,,
23810,Latrobe (C),21,Inner Regional Australia,1,100,,,,,,,
23940,Loddon (S),21,Inner Regional Australia,0.4097503,40.9750337,,,,,,,
23940,Loddon (S),22,Outer Regional Australia,0.5902497,59.0249663,,,,,,,
24130,Macedon Ranges (S),21,Inner Regional Australia,1,100,,,,,,,
24210,Manningham (C),20,Major Cities of Australia,0.9984007,99.8400679,,,,,,,
24210,Manningham (C),21,Inner Regional Australia,0.0015993,0.1599321,,,,,,,
24250,Mansfield (S),22,Outer Regional Australia,0.9999994,99.9999367,,,,,,,
24330,Maribyrnong (C),20,Major Cities of Australia,1,100,,,,,,,
24410,Maroondah (C),20,Major Cities of Australia,1,100,,,,,,,
24600,Melbourne (C),20,Major Cities of Australia,1,100,,,,,,,
24650,Melton (S),20,Major Cities of Australia,0.9653667,96.5366715,,,,,,,
24650,Melton (S),21,Inner Regional Australia,0.0346333,3.4633285,,,,,,,
24780,Mildura (RC),22,Outer Regional Australia,0.9850406,98.5040596,,,,,,,
24780,Mildura (RC),23,Remote Australia,0.0149594,1.4959404,,,,,,,
24850,Mitchell (S),20,Major Cities of Australia,0.225487,22.548703,,,,,,,
24850,Mitchell (S),21,Inner Regional Australia,0.774513,77.451297,,,,,,,
24900,Moira (S),21,Inner Regional Australia,0.9661169,96.611689,,,,,,,
24900,Moira (S),22,Outer Regional Australia,0.0338831,3.388311,,,,,,,
24970,Monash (C),20,Major Cities of Australia,1,100,,,,,,,
25060,Moonee Valley (C),20,Major Cities of Australia,1,100,,,,,,,
25150,Moorabool (S),21,Inner Regional Australia,1,100,,,,,,,
25250,Moreland (C),20,Major Cities of Australia,1,100,,,,,,,
25340,Mornington Peninsula (S),20,Major Cities of Australia,0.9668338,96.6833801,,,,,,,
25340,Mornington Peninsula (S),21,Inner Regional Australia,0.0331662,3.3166199,,,,,,,
25430,Mount Alexander (S),21,Inner Regional Australia,1,100,,,,,,,
25490,Moyne (S),21,Inner Regional Australia,0.7284843,72.8484281,,,,,,,
25490,Moyne (S),22,Outer Regional Australia,0.2715157,27.1515719,,,,,,,
25620,Murrindindi (S),21,Inner Regional Australia,0.8969225,89.692248,,,,,,,
25620,Murrindindi (S),22,Outer Regional Australia,0.1030775,10.307752,,,,,,,
25710,Nillumbik (S),20,Major Cities of Australia,0.9379048,93.790479,,,,,,,
25710,Nillumbik (S),21,Inner Regional Australia,0.0620952,6.209521,,,,,,,
25810,Northern Grampians (S),21,Inner Regional Australia,0.5941541,59.4154103,,,,,,,
25810,Northern Grampians (S),22,Outer Regional Australia,0.4058459,40.5845897,,,,,,,
25900,Port Phillip (C),20,Major Cities of Australia,1,100,,,,,,,
25990,Pyrenees (S),21,Inner Regional Australia,0.9260847,92.6084673,,,,,,,
25990,Pyrenees (S),22,Outer Regional Australia,0.0739153,7.3915327,,,,,,,
26080,Queenscliffe (B),21,Inner Regional Australia,1,100,,,,,,,
26170,South Gippsland (S),21,Inner Regional Australia,0.9261989,92.6198889,,,,,,,
26170,South Gippsland (S),22,Outer Regional Australia,0.0738011,7.3801111,,,,,,,
26260,Southern Grampians (S),21,Inner Regional Australia,0.6175292,61.7529164,,,,,,,
26260,Southern Grampians (S),22,Outer Regional Australia,0.3824708,38.2470836,,,,,,,
26350,Stonnington (C),20,Major Cities of Australia,1,100,,,,,,,
26430,Strathbogie (S),21,Inner Regional Australia,1,100,,,,,,,
26490,Surf Coast (S),21,Inner Regional Australia,1,100,,,,,,,
26610,Swan Hill (RC),22,Outer Regional Australia,1,100,,,,,,,
26670,Towong (S),21,Inner Regional Australia,0.2104537,21.0453732,,,,,,,
26670,Towong (S),22,Outer Regional Australia,0.7895463,78.9546268,,,,,,,
26700,Wangaratta (RC),21,Inner Regional Australia,0.9635725,96.3572499,,,,,,,
26700,Wangaratta (RC),22,Outer Regional Australia,0.0364275,3.6427501,,,,,,,
26730,Warrnambool (C),21,Inner Regional Australia,1,100,,,,,,,
26810,Wellington (S),21,Inner Regional Australia,0.8671945,86.7194453,,,,,,,
26810,Wellington (S),22,Outer Regional Australia,0.1328055,13.2805547,,,,,,,
26890,West Wimmera (S),22,Outer Regional Australia,0.9924721,99.2472121,,,,,,,
26890,West Wimmera (S),23,Remote Australia,0.0075279,0.7527879,,,,,,,
26980,Whitehorse (C),20,Major Cities of Australia,1,100,,,,,,,
27070,Whittlesea (C),20,Major Cities of Australia,0.9540408,95.4040824,,,,,,,
27070,Whittlesea (C),21,Inner Regional Australia,0.0459592,4.5959176,,,,,,,
27170,Wodonga (RC),21,Inner Regional Australia,1,100,,,,,,,
27260,Wyndham (C),20,Major Cities of Australia,0.9874859,98.7485928,,,,,,,
27260,Wyndham (C),21,Inner Regional Australia,0.0125141,1.2514072,,,,,,,
27350,Yarra (C),20,Major Cities of Australia,1,100,,,,,,,
27450,Yarra Ranges (S),20,Major Cities of Australia,0.7901459,79.0145912,,,,,,,
27450,Yarra Ranges (S),21,Inner Regional Australia,0.2098541,20.9854088,,,,,,,
27630,Yarriambiack (S),22,Outer Regional Australia,0.8268468,82.6846783,,,,,,,
27630,Yarriambiack (S),23,Remote Australia,0.1731532,17.3153217,,,,,,,
29399,Unincorporated Vic,21,Inner Regional Australia,0.0013093,0.1309324,,,,,,,
29399,Unincorporated Vic,22,Outer Regional Australia,0.9986907,99.8690676,,,,,,,
30250,Aurukun (S),34,Very Remote Australia,1,100,,,,,,,
30300,Balonne (S),33,Remote Australia,0.7786009,77.8600877,,,,,,,
30300,Balonne (S),34,Very Remote Australia,0.2213991,22.1399123,,,,,,,
30370,Banana (S),32,Outer Regional Australia,0.8938214,89.3821423,,,,,,,
30370,Banana (S),33,Remote Australia,0.1061786,10.6178577,,,,,,,
30410,Barcaldine (R),34,Very Remote Australia,1,100,,,,,,,
30450,Barcoo (S),34,Very Remote Australia,1,100,,,,,,,
30760,Blackall Tambo (R),34,Very Remote Australia,1,100,,,,,,,
30900,Boulia (S),34,Very Remote Australia,1,100,,,,,,,
31000,Brisbane (C),30,Major Cities of Australia,0.9990793,99.907931,,,,,,,
31000,Brisbane (C),31,Inner Regional Australia,0.0006366,0.0636568,,,,,,,
31000,Brisbane (C),33,Remote Australia,0.0002841,0.0284119,,,,,,,
31750,Bulloo (S),34,Very Remote Australia,1,100,,,,,,,
31820,Bundaberg (R),31,Inner Regional Australia,0.9543405,95.4340485,,,,,,,
31820,Bundaberg (R),32,Outer Regional Australia,0.0456595,4.5659515,,,,,,,
31900,Burdekin (S),32,Outer Regional Australia,0.9881571,98.8157071,,,,,,,
31900,Burdekin (S),33,Remote Australia,0.0118429,1.1842929,,,,,,,
31950,Burke (S),34,Very Remote Australia,1,100,,,,,,,
32070,Cairns (R),32,Outer Regional Australia,0.9955599,99.5559907,,,,,,,
32070,Cairns (R),33,Remote Australia,0.0044401,0.4440093,,,,,,,
32250,Carpentaria (S),34,Very Remote Australia,1,100,,,,,,,
32260,Cassowary Coast (R),32,Outer Regional Australia,0.873353,87.3353005,,,,,,,
32260,Cassowary Coast (R),33,Remote Australia,0.1266464,12.6646381,,,,,,,
32270,Central Highlands (R),32,Outer Regional Australia,0.692101,69.2101014,,,,,,,
32270,Central Highlands (R),33,Remote Australia,0.2999458,29.9945806,,,,,,,
32270,Central Highlands (R),34,Very Remote Australia,0.0079532,0.7953179,,,,,,,
32310,Charters Towers (R),32,Outer Regional Australia,0.8129757,81.297573,,,,,,,
32310,Charters Towers (R),33,Remote Australia,0.1256256,12.5625608,,,,,,,
32310,Charters Towers (R),34,Very Remote Australia,0.0613987,6.1398662,,,,,,,
32330,Cherbourg (S),32,Outer Regional Australia,1,100,,,,,,,
32450,Cloncurry (S),33,Remote Australia,0.7171929,71.7192923,,,,,,,
32450,Cloncurry (S),34,Very Remote Australia,0.2828071,28.2807077,,,,,,,
32500,Cook (S),33,Remote Australia,0.7081168,70.8116829,,,,,,,
32500,Cook (S),34,Very Remote Australia,0.2918832,29.1883171,,,,,,,
32600,Croydon (S),34,Very Remote Australia,1,100,,,,,,,
32750,Diamantina (S),34,Very Remote Australia,1,100,,,,,,,
32770,Doomadgee (S),34,Very Remote Australia,1,100,,,,,,,
33100,Etheridge (S),34,Very Remote Australia,1,100,,,,,,,
33200,Flinders (S),34,Very Remote Australia,1,100,,,,,,,
33220,Fraser Coast (R),31,Inner Regional Australia,0.994651,99.4650969,,,,,,,
33220,Fraser Coast (R),32,Outer Regional Australia,0.0033158,0.3315757,,,,,,,
33220,Fraser Coast (R),33,Remote Australia,0.0020333,0.2033273,,,,,,,
33360,Gladstone (R),31,Inner Regional Australia,0.8653096,86.5309572,,,,,,,
33360,Gladstone (R),32,Outer Regional Australia,0.1323405,13.2340482,,,,,,,
33360,Gladstone (R),33,Remote Australia,0.0023499,0.2349946,,,,,,,
33430,Gold Coast (C),30,Major Cities of Australia,0.9900464,99.0046379,,,,,,,
33430,Gold Coast (C),31,Inner Regional Australia,0.0097493,0.9749316,,,,,,,
33430,Gold Coast (C),32,Outer Regional Australia,0.0002043,0.0204304,,,,,,,
33610,Goondiwindi (R),32,Outer Regional Australia,0.9483485,94.8348526,,,,,,,
33610,Goondiwindi (R),33,Remote Australia,0.0516515,5.1651474,,,,,,,
33620,Gympie (R),31,Inner Regional Australia,0.9556406,95.5640627,,,,,,,
33620,Gympie (R),32,Outer Regional Australia,0.0443594,4.4359373,,,,,,,
33800,Hinchinbrook (S),32,Outer Regional Australia,0.6804684,68.0468414,,,,,,,
33800,Hinchinbrook (S),33,Remote Australia,0.3157276,31.5727572,,,,,,,
33800,Hinchinbrook (S),34,Very Remote Australia,0.003804,0.3804014,,,,,,,
33830,Hope Vale (S),33,Remote Australia,1,100,,,,,,,
33960,Ipswich (C),30,Major Cities of Australia,0.948103,94.8102981,,,,,,,
33960,Ipswich (C),31,Inner Regional Australia,0.051897,5.1897019,,,,,,,
33980,Isaac (R),32,Outer Regional Australia,0.6639005,66.3900482,,,,,,,
33980,Isaac (R),33,Remote Australia,0.3262196,32.6219587,,,,,,,
33980,Isaac (R),34,Very Remote Australia,0.0098799,0.9879931,,,,,,,
34420,Kowanyama (S),34,Very Remote Australia,1,100,,,,,,,
34570,Lockhart River (S),34,Very Remote Australia,1,100,,,,,,,
34580,Lockyer Valley (R),31,Inner Regional Australia,1,100,,,,,,,
34590,Logan (C),30,Major Cities of Australia,0.9399849,93.998486,,,,,,,
34590,Logan (C),31,Inner Regional Australia,0.0600151,6.001514,,,,,,,
34710,Longreach (R),34,Very Remote Australia,1,100,,,,,,,
34770,Mackay (R),31,Inner Regional Australia,0.6795529,67.9552874,,,,,,,
34770,Mackay (R),32,Outer Regional Australia,0.319493,31.9493005,,,,,,,
34770,Mackay (R),33,Remote Australia,0.000954,0.0954023,,,,,,,
34800,McKinlay (S),34,Very Remote Australia,1,100,,,,,,,
34830,Mapoon (S),34,Very Remote Australia,1,100,,,,,,,
34860,Maranoa (R),32,Outer Regional Australia,0.5689693,56.8969283,,,,,,,
34860,Maranoa (R),33,Remote Australia,0.2556485,25.5648466,,,,,,,
34860,Maranoa (R),34,Very Remote Australia,0.1753823,17.5382251,,,,,,,
35010,Moreton Bay (R),30,Major Cities of Australia,0.9052063,90.5206283,,,,,,,
35010,Moreton Bay (R),31,Inner Regional Australia,0.0947937,9.4793717,,,,,,,
35250,Mornington (S),34,Very Remote Australia,1,100,,,,,,,
35300,Mount Isa (C),33,Remote Australia,0.9684074,96.8407393,,,,,,,
35300,Mount Isa (C),34,Very Remote Australia,0.0315926,3.1592607,,,,,,,
35600,Murweh (S),34,Very Remote Australia,1,100,,,,,,,
35670,Napranum (S),34,Very Remote Australia,1,100,,,,,,,
35760,North Burnett (R),32,Outer Regional Australia,0.9797884,97.9788399,,,,,,,
35760,North Burnett (R),33,Remote Australia,0.0202116,2.0211601,,,,,,,
35780,Northern Peninsula Area (R),34,Very Remote Australia,1,100,,,,,,,
35790,Palm Island (S),33,Remote Australia,0.9999962,99.9996151,,,,,,,
35800,Paroo (S),34,Very Remote Australia,1,100,,,,,,,
36070,Pormpuraaw (S),34,Very Remote Australia,1,100,,,,,,,
36150,Quilpie (S),34,Very Remote Australia,1,100,,,,,,,
36250,Redland (C),30,Major Cities of Australia,0.9358653,93.5865265,,,,,,,
36250,Redland (C),31,Inner Regional Australia,0.0274765,2.7476521,,,,,,,
36250,Redland (C),32,Outer Regional Australia,0.0292589,2.925893,,,,,,,
36250,Redland (C),33,Remote Australia,0.0073993,0.7399284,,,,,,,
36300,Richmond (S),34,Very Remote Australia,1,100,,,,,,,
36360,Rockhampton (R),31,Inner Regional Australia,0.9644561,96.4456063,,,,,,,
36360,Rockhampton (R),32,Outer Regional Australia,0.0309105,3.0910479,,,,,,,
36360,Rockhampton (R),33,Remote Australia,0.0046328,0.4632763,,,,,,,
36510,Scenic Rim (R),30,Major Cities of Australia,0.1868407,18.6840694,,,,,,,
36510,Scenic Rim (R),31,Inner Regional Australia,0.8070975,80.709747,,,,,,,
36510,Scenic Rim (R),32,Outer Regional Australia,0.0060618,0.6061835,,,,,,,
36580,Somerset (R),31,Inner Regional Australia,0.9653495,96.5349487,,,,,,,
36580,Somerset (R),32,Outer Regional Australia,0.0346505,3.4650513,,,,,,,
36630,South Burnett (R),31,Inner Regional Australia,0.5869893,58.6989286,,,,,,,
36630,South Burnett (R),32,Outer Regional Australia,0.4130107,41.3010714,,,,,,,
36660,Southern Downs (R),31,Inner Regional Australia,0.6258925,62.5892502,,,,,,,
36660,Southern Downs (R),32,Outer Regional Australia,0.3741075,37.4107498,,,,,,,
36710,Sunshine Coast (R),30,Major Cities of Australia,0.7621282,76.2128198,,,,,,,
36710,Sunshine Coast (R),31,Inner Regional Australia,0.2378718,23.7871802,,,,,,,
36810,Tablelands (R),32,Outer Regional Australia,0.952357,95.2356956,,,,,,,
36810,Tablelands (R),33,Remote Australia,0.0357192,3.5719248,,,,,,,
36810,Tablelands (R),34,Very Remote Australia,0.0119238,1.1923795,,,,,,,
36910,Toowoomba (R),31,Inner Regional Australia,0.9752627,97.5262734,,,,,,,
36910,Toowoomba (R),32,Outer Regional Australia,0.0247373,2.4737266,,,,,,,
36950,Torres (S),34,Very Remote Australia,1,100,,,,,,,
36960,Torres Strait Island (R),34,Very Remote Australia,1,100,,,,,,,
37010,Townsville (C),32,Outer Regional Australia,1,100,,,,,,,
37300,Weipa (T),34,Very Remote Australia,1,100,,,,,,,
37310,Western Downs (R),31,Inner Regional Australia,0.4319027,43.1902653,,,,,,,
37310,Western Downs (R),32,Outer Regional Australia,0.4901863,49.0186347,,,,,,,
37310,Western Downs (R),33,Remote Australia,0.077911,7.7911,,,,,,,
37340,Whitsunday (R),32,Outer Regional Australia,0.8544268,85.4426754,,,,,,,
37340,Whitsunday (R),33,Remote Australia,0.1285485,12.8548454,,,,,,,
37340,Whitsunday (R),34,Very Remote Australia,0.0170248,1.7024792,,,,,,,
37400,Winton (S),34,Very Remote Australia,1,100,,,,,,,
37550,Woorabinda (S),33,Remote Australia,1,100,,,,,,,
37570,Wujal Wujal (S),33,Remote Australia,1,100,,,,,,,
37600,Yarrabah (S),32,Outer Regional Australia,1,100,,,,,,,
40070,Adelaide (C),40,Major Cities of Australia,1,100,,,,,,,
40120,Adelaide Hills (DC),40,Major Cities of Australia,0.5496974,54.9697428,,,,,,,
40120,Adelaide Hills (DC),41,Inner Regional Australia,0.4503026,45.0302572,,,,,,,
40220,Alexandrina (DC),41,Inner Regional Australia,1,100,,,,,,,
40250,Anangu Pitjantjatjara (AC),44,Very Remote Australia,1,100,,,,,,,
40310,Barossa (DC),40,Major Cities of Australia,0.0232305,2.3230544,,,,,,,
40310,Barossa (DC),41,Inner Regional Australia,0.9767695,97.6769456,,,,,,,
40430,Barunga West (DC),42,Outer Regional Australia,1,100,,,,,,,
40520,Berri and Barmera (DC),42,Outer Regional Australia,1,100,,,,,,,
40700,Burnside (C),40,Major Cities of Australia,1,100,,,,,,,
40910,Campbelltown (C),40,Major Cities of Australia,1,100,,,,,,,
41010,Ceduna (DC),44,Very Remote Australia,1,100,,,,,,,
41060,Charles Sturt (C),40,Major Cities of Australia,1,100,,,,,,,
41140,Clare and Gilbert Valleys (DC),41,Inner Regional Australia,0.3419764,34.1976433,,,,,,,
41140,Clare and Gilbert Valleys (DC),42,Outer Regional Australia,0.6580236,65.8023567,,,,,,,
41190,Cleve (DC),43,Remote Australia,1,100,,,,,,,
41330,Coober Pedy (DC),44,Very Remote Australia,1,100,,,,,,,
41560,Copper Coast (DC),42,Outer Regional Australia,1,100,,,,,,,
41750,Elliston (DC),43,Remote Australia,0.4106875,41.0687451,,,,,,,
41750,Elliston (DC),44,Very Remote Australia,0.5893125,58.9312549,,,,,,,
41830,Flinders Ranges (DC),42,Outer Regional Australia,1,100,,,,,,,
41960,Franklin Harbour (DC),42,Outer Regional Australia,0.1586732,15.867323,,,,,,,
41960,Franklin Harbour (DC),43,Remote Australia,0.8413268,84.132677,,,,,,,
42030,Gawler (T),40,Major Cities of Australia,1,100,,,,,,,
42110,Goyder (DC),41,Inner Regional Australia,0.2603123,26.0312258,,,,,,,
42110,Goyder (DC),42,Outer Regional Australia,0.7396877,73.9687742,,,,,,,
42250,Grant (DC),42,Outer Regional Australia,1,100,,,,,,,
42600,Holdfast Bay (C),40,Major Cities of Australia,1,100,,,,,,,
42750,Kangaroo Island (DC),43,Remote Australia,1,100,,,,,,,
43080,Karoonda East Murray (DC),42,Outer Regional Australia,1,100,,,,,,,
43220,Kimba (DC),43,Remote Australia,1,100,,,,,,,
43360,Kingston (DC),42,Outer Regional Australia,0.8759304,87.5930395,,,,,,,
43360,Kingston (DC),43,Remote Australia,0.1240696,12.4069605,,,,,,,
43650,Light (RegC),40,Major Cities of Australia,0.2991891,29.9189084,,,,,,,
43650,Light (RegC),41,Inner Regional Australia,0.7008109,70.0810916,,,,,,,
43710,Lower Eyre Peninsula (DC),43,Remote Australia,1,100,,,,,,,
43790,Loxton Waikerie (DC),42,Outer Regional Australia,1,100,,,,,,,
43920,Mallala (DC),41,Inner Regional Australia,1,100,,,,,,,
44000,Maralinga Tjarutja (AC),44,Very Remote Australia,1,100,,,,,,,
44060,Marion (C),40,Major Cities of Australia,1,100,,,,,,,
44210,Mid Murray (DC),41,Inner Regional Australia,0.7421469,74.2146926,,,,,,,
44210,Mid Murray (DC),42,Outer Regional Australia,0.2578531,25.7853074,,,,,,,
44340,Mitcham (C),40,Major Cities of Australia,1,100,,,,,,,
44550,Mount Barker (DC),41,Inner Regional Australia,1,100,,,,,,,
44620,Mount Gambier (C),42,Outer Regional Australia,1,100,,,,,,,
44830,Mount Remarkable (DC),42,Outer Regional Australia,1,100,,,,,,,
45040,Murray Bridge (RC),41,Inner Regional Australia,1,100,,,,,,,
45090,Naracoorte and Lucindale (DC),42,Outer Regional Australia,1,100,,,,,,,
45120,Northern Areas (DC),42,Outer Regional Australia,1,100,,,,,,,
45290,Norwood Payneham St Peters (C),40,Major Cities of Australia,1,100,,,,,,,
45340,Onkaparinga (C),40,Major Cities of Australia,0.9569904,95.6990436,,,,,,,
45340,Onkaparinga (C),41,Inner Regional Australia,0.0430096,4.3009564,,,,,,,
45400,Orroroo/Carrieton (DC),42,Outer Regional Australia,1,100,,,,,,,
45540,Peterborough (DC),42,Outer Regional Australia,1,100,,,,,,,
45680,Playford (C),40,Major Cities of Australia,0.9775644,97.7564433,,,,,,,
45680,Playford (C),41,Inner Regional Australia,0.0224356,2.2435567,,,,,,,
45890,Port Adelaide Enfield (C),40,Major Cities of Australia,1,100,,,,,,,
46090,Port Augusta (C),42,Outer Regional Australia,1,100,,,,,,,
46300,Port Lincoln (C),43,Remote Australia,1,100,,,,,,,
46450,Port Pirie City and Dists (M),42,Outer Regional Australia,1,100,,,,,,,
46510,Prospect (C),40,Major Cities of Australia,1,100,,,,,,,
46670,Renmark Paringa (DC),42,Outer Regional Australia,1,100,,,,,,,
46860,Robe (DC),42,Outer Regional Australia,1,100,,,,,,,
46970,Roxby Downs (M),43,Remote Australia,1,100,,,,,,,
47140,Salisbury (C),40,Major Cities of Australia,1,100,,,,,,,
47290,Southern Mallee (DC),42,Outer Regional Australia,0.1351043,13.5104286,,,,,,,
47290,Southern Mallee (DC),43,Remote Australia,0.8648957,86.4895714,,,,,,,
47490,Streaky Bay (DC),43,Remote Australia,0.4765618,47.6561802,,,,,,,
47490,Streaky Bay (DC),44,Very Remote Australia,0.5234382,52.3438198,,,,,,,
47630,Tatiara (DC),42,Outer Regional Australia,0.8042492,80.424915,,,,,,,
47630,Tatiara (DC),43,Remote Australia,0.1957508,19.575085,,,,,,,
47700,Tea Tree Gully (C),40,Major Cities of Australia,1,100,,,,,,,
47800,The Coorong (DC),41,Inner Regional Australia,0.3494928,34.9492836,,,,,,,
47800,The Coorong (DC),42,Outer Regional Australia,0.6505068,65.0506816,,,,,,,
47910,Tumby Bay (DC),43,Remote Australia,1,100,,,,,,,
47980,Unley (C),40,Major Cities of Australia,1,100,,,,,,,
48050,Victor Harbor (C),41,Inner Regional Australia,1,100,,,,,,,
48130,Wakefield (DC),41,Inner Regional Australia,0.7336023,73.3602285,,,,,,,
48130,Wakefield (DC),42,Outer Regional Australia,0.2663977,26.6397715,,,,,,,
48260,Walkerville (M),40,Major Cities of Australia,1,100,,,,,,,
48340,Wattle Range (DC),42,Outer Regional Australia,1,100,,,,,,,
48410,West Torrens (C),40,Major Cities of Australia,1,100,,,,,,,
48540,Whyalla (C),42,Outer Regional Australia,1,100,,,,,,,
48640,Wudinna (DC),43,Remote Australia,0.0456408,4.5640769,,,,,,,
48640,Wudinna (DC),44,Very Remote Australia,0.9543592,95.4359231,,,,,,,
48750,Yankalilla (DC),41,Inner Regional Australia,1,100,,,,,,,
48830,Yorke Peninsula (DC),42,Outer Regional Australia,0.6398708,63.9870817,,,,,,,
48830,Yorke Peninsula (DC),43,Remote Australia,0.3601292,36.0129183,,,,,,,
49399,Unincorporated SA,40,Major Cities of Australia,0.0022484,0.224843,,,,,,,
49399,Unincorporated SA,42,Outer Regional Australia,0.0105673,1.056728,,,,,,,
49399,Unincorporated SA,43,Remote Australia,0.1755955,17.5595459,,,,,,,
49399,Unincorporated SA,44,Very Remote Australia,0.8115888,81.1588831,,,,,,,
50080,Albany (C),52,Outer Regional Australia,0.9953346,99.5334575,,,,,,,
50080,Albany (C),53,Remote Australia,0.0046654,0.4665425,,,,,,,
50210,Armadale (C),50,Major Cities of Australia,0.99276,99.2760012,,,,,,,
50210,Armadale (C),51,Inner Regional Australia,0.00724,0.7239988,,,,,,,
50250,Ashburton (S),54,Very Remote Australia,1,100,,,,,,,
50280,Augusta-Margaret River (S),51,Inner Regional Australia,0.9699041,96.9904103,,,,,,,
50280,Augusta-Margaret River (S),52,Outer Regional Australia,0.0300959,3.0095897,,,,,,,
50350,Bassendean (T),50,Major Cities of Australia,1,100,,,,,,,
50420,Bayswater (C),50,Major Cities of Australia,1,100,,,,,,,
50490,Belmont (C),50,Major Cities of Australia,1,100,,,,,,,
50560,Beverley (S),52,Outer Regional Australia,1,100,,,,,,,
50630,Boddington (S),51,Inner Regional Australia,0.9395775,93.9577479,,,,,,,
50630,Boddington (S),52,Outer Regional Australia,0.0604225,6.0422521,,,,,,,
50770,Boyup Brook (S),52,Outer Regional Australia,1,100,,,,,,,
50840,Bridgetown-Greenbushes (S),51,Inner Regional Australia,0.3503907,35.0390671,,,,,,,
50840,Bridgetown-Greenbushes (S),52,Outer Regional Australia,0.6496093,64.9609329,,,,,,,
50910,Brookton (S),52,Outer Regional Australia,1,100,,,,,,,
50980,Broome (S),53,Remote Australia,0.8741656,87.4165551,,,,,,,
50980,Broome (S),54,Very Remote Australia,0.1258344,12.5834449,,,,,,,
51080,Broomehill-Tambellup (S),52,Outer Regional Australia,1,100,,,,,,,
51120,Bruce Rock (S),53,Remote Australia,1,100,,,,,,,
51190,Bunbury (C),51,Inner Regional Australia,1,100,,,,,,,
51260,Busselton (S),51,Inner Regional Australia,1,100,,,,,,,
51310,Cambridge (T),50,Major Cities of Australia,1,100,,,,,,,
51330,Canning (C),50,Major Cities of Australia,1,100,,,,,,,
51400,Capel (S),51,Inner Regional Australia,1,100,,,,,,,
51470,Carnamah (S),53,Remote Australia,1,100,,,,,,,
51540,Carnarvon (S),53,Remote Australia,0.9240058,92.4005769,,,,,,,
51540,Carnarvon (S),54,Very Remote Australia,0.0759942,7.5994231,,,,,,,
51610,Chapman Valley (S),52,Outer Regional Australia,0.718868,71.8868035,,,,,,,
51610,Chapman Valley (S),53,Remote Australia,0.281132,28.1131965,,,,,,,
51680,Chittering (S),51,Inner Regional Australia,0.8780338,87.8033839,,,,,,,
51680,Chittering (S),52,Outer Regional Australia,0.1219662,12.1966161,,,,,,,
51750,Claremont (T),50,Major Cities of Australia,1,100,,,,,,,
51820,Cockburn (C),50,Major Cities of Australia,0.9987177,99.8717668,,,,,,,
51820,Cockburn (C),53,Remote Australia,0.0012823,0.128231,,,,,,,
51890,Collie (S),51,Inner Regional Australia,1,100,,,,,,,
51960,Coolgardie (S),52,Outer Regional Australia,0.6745193,67.4519334,,,,,,,
51960,Coolgardie (S),54,Very Remote Australia,0.3254807,32.5480666,,,,,,,
52030,Coorow (S),53,Remote Australia,1,100,,,,,,,
52100,Corrigin (S),53,Remote Australia,1,100,,,,,,,
52170,Cottesloe (T),50,Major Cities of Australia,1,100,,,,,,,
52240,Cranbrook (S),52,Outer Regional Australia,1,100,,,,,,,
52310,Cuballing (S),52,Outer Regional Australia,1,100,,,,,,,
52380,Cue (S),54,Very Remote Australia,1,100,,,,,,,
52450,Cunderdin (S),52,Outer Regional Australia,1,100,,,,,,,
52520,Dalwallinu (S),53,Remote Australia,1,100,,,,,,,
52590,Dandaragan (S),52,Outer Regional Australia,1,100,,,,,,,
52660,Dardanup (S),51,Inner Regional Australia,1,100,,,,,,,
52730,Denmark (S),52,Outer Regional Australia,1,100,,,,,,,
52800,Derby-West Kimberley (S),54,Very Remote Australia,1,100,,,,,,,
52870,Donnybrook-Balingup (S),51,Inner Regional Australia,1,100,,,,,,,
52940,Dowerin (S),52,Outer Regional Australia,1,100,,,,,,,
53010,Dumbleyung (S),53,Remote Australia,1,100,,,,,,,
53080,Dundas (S),54,Very Remote Australia,1,100,,,,,,,
53150,East Fremantle (T),50,Major Cities of Australia,1,100,,,,,,,
53220,East Pilbara (S),54,Very Remote Australia,1,100,,,,,,,
53290,Esperance (S),53,Remote Australia,0.9697128,96.9712761,,,,,,,
53290,Esperance (S),54,Very Remote Australia,0.0302872,3.0287239,,,,,,,
53360,Exmouth (S),54,Very Remote Australia,1,100,,,,,,,
53430,Fremantle (C),50,Major Cities of Australia,1,100,,,,,,,
53520,Geraldton-Greenough (C),52,Outer Regional Australia,1,100,,,,,,,
53570,Gingin (S),51,Inner Regional Australia,0.6251247,62.5124702,,,,,,,
53570,Gingin (S),52,Outer Regional Australia,0.3748753,37.4875298,,,,,,,
53640,Gnowangerup (S),52,Outer Regional Australia,0.0010164,0.1016363,,,,,,,
53640,Gnowangerup (S),53,Remote Australia,0.9989836,99.8983637,,,,,,,
53710,Goomalling (S),52,Outer Regional Australia,1,100,,,,,,,
53780,Gosnells (C),50,Major Cities of Australia,1,100,,,,,,,
53920,Halls Creek (S),54,Very Remote Australia,1,100,,,,,,,
53990,Harvey (S),51,Inner Regional Australia,1,100,,,,,,,
54060,Irwin (S),52,Outer Regional Australia,1,100,,,,,,,
54130,Jerramungup (S),53,Remote Australia,1,100,,,,,,,
54170,Joondalup (C),50,Major Cities of Australia,1,100,,,,,,,
54200,Kalamunda (S),50,Major Cities of Australia,0.9892436,98.9243598,,,,,,,
54200,Kalamunda (S),51,Inner Regional Australia,0.0107564,1.0756402,,,,,,,
54280,Kalgoorlie/Boulder (C),52,Outer Regional Australia,0.9914801,99.148006,,,,,,,
54280,Kalgoorlie/Boulder (C),54,Very Remote Australia,0.0085199,0.851994,,,,,,,
54340,Katanning (S),52,Outer Regional Australia,1,100,,,,,,,
54410,Kellerberrin (S),52,Outer Regional Australia,1,100,,,,,,,
54480,Kent (S),53,Remote Australia,1,100,,,,,,,
54550,Kojonup (S),52,Outer Regional Australia,1,100,,,,,,,
54620,Kondinin (S),53,Remote Australia,0.6625151,66.2515112,,,,,,,
54620,Kondinin (S),54,Very Remote Australia,0.3374849,33.7484888,,,,,,,
54690,Koorda (S),53,Remote Australia,1,100,,,,,,,
54760,Kulin (S),53,Remote Australia,1,100,,,,,,,
54830,Kwinana (T),50,Major Cities of Australia,1,100,,,,,,,
54900,Lake Grace (S),53,Remote Australia,0.7560042,75.6004196,,,,,,,
54900,Lake Grace (S),54,Very Remote Australia,0.2439958,24.3995804,,,,,,,
54970,Laverton (S),54,Very Remote Australia,1,100,,,,,,,
55040,Leonora (S),54,Very Remote Australia,1,100,,,,,,,
55110,Mandurah (C),50,Major Cities of Australia,0.9938059,99.3805857,,,,,,,
55110,Mandurah (C),51,Inner Regional Australia,0.0061941,0.6194143,,,,,,,
55180,Manjimup (S),52,Outer Regional Australia,0.9159192,91.5919175,,,,,,,
55180,Manjimup (S),53,Remote Australia,0.0840808,8.4080825,,,,,,,
55250,Meekatharra (S),54,Very Remote Australia,1,100,,,,,,,
55320,Melville (C),50,Major Cities of Australia,1,100,,,,,,,
55390,Menzies (S),54,Very Remote Australia,1,100,,,,,,,
55460,Merredin (S),52,Outer Regional Australia,0.8325668,83.2566847,,,,,,,
55460,Merredin (S),53,Remote Australia,0.1674332,16.7433153,,,,,,,
55530,Mingenew (S),52,Outer Regional Australia,1,100,,,,,,,
55600,Moora (S),52,Outer Regional Australia,0.9232879,92.3287894,,,,,,,
55600,Moora (S),53,Remote Australia,0.0767121,7.6712106,,,,,,,
55670,Morawa (S),53,Remote Australia,1,100,,,,,,,
55740,Mosman Park (T),50,Major Cities of Australia,1,100,,,,,,,
55810,Mount Magnet (S),54,Very Remote Australia,1,100,,,,,,,
55880,Mount Marshall (S),53,Remote Australia,1,100,,,,,,,
55950,Mukinbudin (S),53,Remote Australia,1,100,,,,,,,
56020,Mullewa (S),53,Remote Australia,1,100,,,,,,,
56090,Mundaring (S),50,Major Cities of Australia,0.8894974,88.9497364,,,,,,,
56090,Mundaring (S),51,Inner Regional Australia,0.1105026,11.0502636,,,,,,,
56160,Murchison (S),54,Very Remote Australia,1,100,,,,,,,
56230,Murray (S),50,Major Cities of Australia,0.4997128,49.97128,,,,,,,
56230,Murray (S),51,Inner Regional Australia,0.5002872,50.02872,,,,,,,
56300,Nannup (S),52,Outer Regional Australia,0.9999984,99.9998414,,,,,,,
56370,Narembeen (S),53,Remote Australia,1,100,,,,,,,
56450,Narrogin (S),52,Outer Regional Australia,1,100,,,,,,,
56520,Narrogin (T),52,Outer Regional Australia,1,100,,,,,,,
56580,Nedlands (C),50,Major Cities of Australia,1,100,,,,,,,
56620,Ngaanyatjarraku (S),54,Very Remote Australia,1,100,,,,,,,
56730,Northam (S),51,Inner Regional Australia,1,100,,,,,,,
56790,Northampton (S),52,Outer Regional Australia,0.359037,35.9037,,,,,,,
56790,Northampton (S),53,Remote Australia,0.640309,64.0308961,,,,,,,
56790,Northampton (S),54,Very Remote Australia,0.000654,0.0654039,,,,,,,
56860,Nungarin (S),53,Remote Australia,1,100,,,,,,,
56930,Peppermint Grove (S),50,Major Cities of Australia,1,100,,,,,,,
57000,Perenjori (S),53,Remote Australia,1,100,,,,,,,
57080,Perth (C),50,Major Cities of Australia,1,100,,,,,,,
57140,Pingelly (S),52,Outer Regional Australia,1,100,,,,,,,
57210,Plantagenet (S),52,Outer Regional Australia,1,100,,,,,,,
57280,Port Hedland (T),53,Remote Australia,0.9155724,91.5572385,,,,,,,
57280,Port Hedland (T),54,Very Remote Australia,0.0844276,8.4427615,,,,,,,
57350,Quairading (S),52,Outer Regional Australia,1,100,,,,,,,
57420,Ravensthorpe (S),54,Very Remote Australia,0.9999935,99.9993481,,,,,,,
57490,Rockingham (C),50,Major Cities of Australia,0.9918176,99.1817592,,,,,,,
57490,Rockingham (C),51,Inner Regional Australia,0.0081824,0.8182408,,,,,,,
57560,Roebourne (S),53,Remote Australia,0.9250877,92.5087672,,,,,,,
57560,Roebourne (S),54,Very Remote Australia,0.0749123,7.4912328,,,,,,,
57630,Sandstone (S),54,Very Remote Australia,1,100,,,,,,,
57700,Serpentine-Jarrahdale (S),50,Major Cities of Australia,0.7490356,74.9035622,,,,,,,
57700,Serpentine-Jarrahdale (S),51,Inner Regional Australia,0.2509644,25.0964378,,,,,,,
57770,Shark Bay (S),54,Very Remote Australia,1,100,,,,,,,
57840,South Perth (C),50,Major Cities of Australia,1,100,,,,,,,
57910,Stirling (C),50,Major Cities of Australia,1,100,,,,,,,
57980,Subiaco (C),50,Major Cities of Australia,1,100,,,,,,,
58050,Swan (C),50,Major Cities of Australia,0.9200632,92.0063192,,,,,,,
58050,Swan (C),51,Inner Regional Australia,0.0799368,7.9936808,,,,,,,
58190,Tammin (S),52,Outer Regional Australia,1,100,,,,,,,
58260,Three Springs (S),53,Remote Australia,1,100,,,,,,,
58330,Toodyay (S),51,Inner Regional Australia,0.9312354,93.123538,,,,,,,
58330,Toodyay (S),52,Outer Regional Australia,0.0687646,6.876462,,,,,,,
58400,Trayning (S),53,Remote Australia,1,100,,,,,,,
58470,Upper Gascoyne (S),54,Very Remote Australia,1,100,,,,,,,
58510,Victoria Park (T),50,Major Cities of Australia,1,100,,,,,,,
58540,Victoria Plains (S),52,Outer Regional Australia,1,100,,,,,,,
58570,Vincent (T),50,Major Cities of Australia,1,100,,,,,,,
58610,Wagin (S),52,Outer Regional Australia,1,100,,,,,,,
58680,Wandering (S),52,Outer Regional Australia,1,100,,,,,,,
58760,Wanneroo (C),50,Major Cities of Australia,0.9524845,95.2484546,,,,,,,
58760,Wanneroo (C),51,Inner Regional Australia,0.0475155,4.7515454,,,,,,,
58820,Waroona (S),51,Inner Regional Australia,1,100,,,,,,,
58890,West Arthur (S),52,Outer Regional Australia,1,100,,,,,,,
59030,Westonia (S),53,Remote Australia,1,100,,,,,,,
59100,Wickepin (S),52,Outer Regional Australia,0.7422405,74.2240466,,,,,,,
59100,Wickepin (S),53,Remote Australia,0.2577595,25.7759534,,,,,,,
59170,Williams (S),52,Outer Regional Australia,1,100,,,,,,,
59250,Wiluna (S),54,Very Remote Australia,1,100,,,,,,,
59310,Wongan-Ballidu (S),52,Outer Regional Australia,0.7879537,78.7953709,,,,,,,
59310,Wongan-Ballidu (S),53,Remote Australia,0.2120463,21.2046291,,,,,,,
59320,Woodanilling (S),52,Outer Regional Australia,1,100,,,,,,,
59330,Wyalkatchem (S),52,Outer Regional Australia,1,100,,,,,,,
59340,Wyndham-East Kimberley (S),53,Remote Australia,0.7083939,70.8393913,,,,,,,
59340,Wyndham-East Kimberley (S),54,Very Remote Australia,0.2916061,29.1606087,,,,,,,
59350,Yalgoo (S),54,Very Remote Australia,1,100,,,,,,,
59360,Yilgarn (S),53,Remote Australia,1,100,,,,,,,
59370,York (S),51,Inner Regional Australia,1,100,,,,,,,
60210,Break O'Day (M),62,Outer Regional Australia,0.9778198,97.7819846,,,,,,,
60210,Break O'Day (M),63,Remote Australia,0.0221802,2.2180154,,,,,,,
60410,Brighton (M),61,Inner Regional Australia,1,100,,,,,,,
60610,Burnie (C),62,Outer Regional Australia,1,100,,,,,,,
60810,Central Coast (M),62,Outer Regional Australia,1,100,,,,,,,
61010,Central Highlands (M),62,Outer Regional Australia,0.8668483,86.6848265,,,,,,,
61010,Central Highlands (M),63,Remote Australia,0.1331517,13.3151735,,,,,,,
61210,Circular Head (M),62,Outer Regional Australia,0.9093724,90.9372449,,,,,,,
61210,Circular Head (M),63,Remote Australia,0.0906276,9.0627551,,,,,,,
61410,Clarence (C),61,Inner Regional Australia,0.9478873,94.7887287,,,,,,,
61410,Clarence (C),62,Outer Regional Australia,0.0521127,5.2112713,,,,,,,
61510,Derwent Valley (M),61,Inner Regional Australia,0.8498822,84.9882179,,,,,,,
61510,Derwent Valley (M),62,Outer Regional Australia,0.1495995,14.9599495,,,,,,,
61510,Derwent Valley (M),63,Remote Australia,0.0005183,0.0518327,,,,,,,
61610,Devonport (C),61,Inner Regional Australia,0.9319548,93.1954768,,,,,,,
61610,Devonport (C),62,Outer Regional Australia,0.0680452,6.8045232,,,,,,,
61810,Dorset (M),62,Outer Regional Australia,0.999999,99.9998974,,,,,,,
62010,Flinders (M),64,Very Remote Australia,1,100,,,,,,,
62210,George Town (M),62,Outer Regional Australia,1,100,,,,,,,
62410,Glamorgan/Spring Bay (M),62,Outer Regional Australia,0.4737663,47.3766276,,,,,,,
62410,Glamorgan/Spring Bay (M),63,Remote Australia,0.5262337,52.6233724,,,,,,,
62610,Glenorchy (C),61,Inner Regional Australia,1,100,,,,,,,
62810,Hobart (C),61,Inner Regional Australia,1,100,,,,,,,
63010,Huon Valley (M),62,Outer Regional Australia,0.9999943,99.9994253,,,,,,,
63210,Kentish (M),62,Outer Regional Australia,1,100,,,,,,,
63410,King Island (M),64,Very Remote Australia,1,100,,,,,,,
63610,Kingborough (M),61,Inner Regional Australia,0.9174424,91.7442437,,,,,,,
63610,Kingborough (M),62,Outer Regional Australia,0.0825576,8.2557563,,,,,,,
63810,Latrobe (M),62,Outer Regional Australia,1,100,,,,,,,
64010,Launceston (C),61,Inner Regional Australia,0.9556102,95.5610244,,,,,,,
64010,Launceston (C),62,Outer Regional Australia,0.0443898,4.4389756,,,,,,,
64210,Meander Valley (M),61,Inner Regional Australia,0.5023277,50.2327701,,,,,,,
64210,Meander Valley (M),62,Outer Regional Australia,0.4976723,49.7672299,,,,,,,
64610,Northern Midlands (M),61,Inner Regional Australia,0.6547413,65.4741258,,,,,,,
64610,Northern Midlands (M),62,Outer Regional Australia,0.3452587,34.5258742,,,,,,,
64810,Sorell (M),61,Inner Regional Australia,0.8012685,80.1268508,,,,,,,
64810,Sorell (M),62,Outer Regional Australia,0.1987315,19.8731492,,,,,,,
65010,Southern Midlands (M),61,Inner Regional Australia,0.230487,23.0487043,,,,,,,
65010,Southern Midlands (M),62,Outer Regional Australia,0.769513,76.9512957,,,,,,,
65210,Tasman (M),62,Outer Regional Australia,1,100,,,,,,,
65410,Waratah/Wynyard (M),62,Outer Regional Australia,1,100,,,,,,,
65610,West Coast (M),63,Remote Australia,1,100,,,,,,,
65810,West Tamar (M),61,Inner Regional Australia,0.6450769,64.5076944,,,,,,,
65810,West Tamar (M),62,Outer Regional Australia,0.3549231,35.4923056,,,,,,,
70200,Alice Springs (T),73,Remote Australia,1,100,,,,,,,
70420,Barkly (S),74,Very Remote Australia,1,100,,,,,,,
70540,Belyuen (S),73,Remote Australia,1,100,,,,,,,
70620,Central Desert (S),74,Very Remote Australia,1,100,,,,,,,
70700,Coomalie (S),73,Remote Australia,1,100,,,,,,,
71000,Darwin (C),72,Outer Regional Australia,1,100,,,,,,,
71300,East Arnhem (S),74,Very Remote Australia,1,100,,,,,,,
72200,Katherine (T),73,Remote Australia,1,100,,,,,,,
72300,Litchfield (M),72,Outer Regional Australia,1,100,,,,,,,
72330,MacDonnell (S),73,Remote Australia,0.3611704,36.1170401,,,,,,,
72330,MacDonnell (S),74,Very Remote Australia,0.6388296,63.8829599,,,,,,,
72800,Palmerston (C),72,Outer Regional Australia,1,100,,,,,,,
73600,Roper Gulf (S),73,Remote Australia,0.0039209,0.392087,,,,,,,
73600,Roper Gulf (S),74,Very Remote Australia,0.9960791,99.607913,,,,,,,
74050,Tiwi Islands (S),73,Remote Australia,0.5938691,59.3869072,,,,,,,
74050,Tiwi Islands (S),74,Very Remote Australia,0.4061309,40.6130928,,,,,,,
74500,Victoria-Daly (S),73,Remote Australia,0.0706773,7.0677275,,,,,,,
74500,Victoria-Daly (S),74,Very Remote Australia,0.9293227,92.9322725,,,,,,,
74560,Wagait (S),73,Remote Australia,1,100,,,,,,,
74660,West Arnhem (S),73,Remote Australia,0.2443182,24.4318172,,,,,,,
74660,West Arnhem (S),74,Very Remote Australia,0.7556818,75.5681828,,,,,,,
79399,Unincorporated NT,72,Outer Regional Australia,0.1201007,12.0100725,,,,,,,
79399,Unincorporated NT,73,Remote Australia,0.1524141,15.241413,,,,,,,
79399,Unincorporated NT,74,Very Remote Australia,0.7274851,72.7485145,,,,,,,
89399,Unincorporated ACT,80,Major Cities of Australia,0.9983566,99.8356599,,,,,,,
89399,Unincorporated ACT,81,Inner Regional Australia,0.0016434,0.1643401,,,,,,,
99399,Unincorp. Other Territories,91,Inner Regional Australia,0.1262876,12.6287631,,,,,,,
99399,Unincorp. Other Territories,94,Very Remote Australia,0.8737124,87.3712369,,,,,,,
,,,,,,,,,,,,
,,,,,,,,,,,,
 Commonwealth of Australia 2013,,,,,,,,,,,,
